{"assets/fonts/Migra-Bold.otf":["assets/fonts/Migra-Bold.otf"],"assets/fonts/PublicSans-Bold.otf":["assets/fonts/PublicSans-Bold.otf"],"assets/fonts/PublicSans-Light.otf":["assets/fonts/PublicSans-Light.otf"],"assets/fonts/PublicSans-Medium.otf":["assets/fonts/PublicSans-Medium.otf"],"assets/fonts/PublicSans-Regular.otf":["assets/fonts/PublicSans-Regular.otf"],"assets/fonts/PublicSans-SemiBold.otf":["assets/fonts/PublicSans-SemiBold.otf"],"assets/images/apple.png":["assets/images/apple.png"],"assets/images/background.png":["assets/images/background.png"],"assets/images/calendar.png":["assets/images/calendar.png"],"assets/images/communities.png":["assets/images/communities.png"],"assets/images/congratulations_gif/1.gif":["assets/images/congratulations_gif/1.gif"],"assets/images/congratulations_gif/2.gif":["assets/images/congratulations_gif/2.gif"],"assets/images/congratulations_gif/3.gif":["assets/images/congratulations_gif/3.gif"],"assets/images/congratulations_gif/4.gif":["assets/images/congratulations_gif/4.gif"],"assets/images/congratulations_gif/5.gif":["assets/images/congratulations_gif/5.gif"],"assets/images/congratulations_gif/6.gif":["assets/images/congratulations_gif/6.gif"],"assets/images/edit.png":["assets/images/edit.png"],"assets/images/emptyMessageDark.png":["assets/images/emptyMessageDark.png"],"assets/images/emptyMessageLight.png":["assets/images/emptyMessageLight.png"],"assets/images/eye.png":["assets/images/eye.png"],"assets/images/friends.png":["assets/images/friends.png"],"assets/images/google.png":["assets/images/google.png"],"assets/images/guide.png":["assets/images/guide.png"],"assets/images/help.png":["assets/images/help.png"],"assets/images/home.png":["assets/images/home.png"],"assets/images/location.png":["assets/images/location.png"],"assets/images/logo.png":["assets/images/logo.png"],"assets/images/logout.png":["assets/images/logout.png"],"assets/images/message.png":["assets/images/message.png"],"assets/images/notifications.png":["assets/images/notifications.png"],"assets/images/notify_dark.png":["assets/images/notify_dark.png","assets/images/2.0/notify_dark.png","assets/images/3.0/notify_dark.png"],"assets/images/notify_light.png":["assets/images/notify_light.png","assets/images/2.0/notify_light.png","assets/images/3.0/notify_light.png"],"assets/images/privacy.png":["assets/images/privacy.png"],"assets/images/settings.png":["assets/images/settings.png"],"assets/images/slide1_light.gif":["assets/images/slide1_light.gif"],"assets/images/slide2_light.gif":["assets/images/slide2_light.gif"],"assets/images/slide3_light.gif":["assets/images/slide3_light.gif"],"assets/images/sound.png":["assets/images/sound.png"],"assets/images/user.png":["assets/images/user.png"],"assets/images/username.png":["assets/images/username.png"],"assets/images/video.png":["assets/images/video.png"],"packages/cupertino_icons/assets/CupertinoIcons.ttf":["packages/cupertino_icons/assets/CupertinoIcons.ttf"],"packages/font_awesome_flutter/lib/fonts/fa-brands-400.ttf":["packages/font_awesome_flutter/lib/fonts/fa-brands-400.ttf"],"packages/font_awesome_flutter/lib/fonts/fa-regular-400.ttf":["packages/font_awesome_flutter/lib/fonts/fa-regular-400.ttf"],"packages/font_awesome_flutter/lib/fonts/fa-solid-900.ttf":["packages/font_awesome_flutter/lib/fonts/fa-solid-900.ttf"]}