[{"family":"MaterialIcons","fonts":[{"asset":"fonts/MaterialIcons-Regular.otf"}]},{"family":"Migra","fonts":[{"weight":800,"asset":"assets/fonts/Migra-Bold.otf"}]},{"family":"PublicSans","fonts":[{"weight":300,"asset":"assets/fonts/PublicSans-Light.otf"},{"weight":400,"asset":"assets/fonts/PublicSans-Regular.otf"},{"weight":500,"asset":"assets/fonts/PublicSans-Medium.otf"},{"weight":600,"asset":"assets/fonts/PublicSans-SemiBold.otf"},{"weight":700,"asset":"assets/fonts/PublicSans-Bold.otf"}]},{"family":"packages/cupertino_icons/CupertinoIcons","fonts":[{"asset":"packages/cupertino_icons/assets/CupertinoIcons.ttf"}]},{"family":"packages/font_awesome_flutter/FontAwesomeBrands","fonts":[{"weight":400,"asset":"packages/font_awesome_flutter/lib/fonts/fa-brands-400.ttf"}]},{"family":"packages/font_awesome_flutter/FontAwesomeRegular","fonts":[{"weight":400,"asset":"packages/font_awesome_flutter/lib/fonts/fa-regular-400.ttf"}]},{"family":"packages/font_awesome_flutter/FontAwesomeSolid","fonts":[{"weight":900,"asset":"packages/font_awesome_flutter/lib/fonts/fa-solid-900.ttf"}]}]